<?xml version="1.0" encoding="UTF-8"?>
<metadata xml:lang="es"><Esri><CreaDate>20161128</CreaDate><CreaTime>10080100</CreaTime><ArcGISFormat>1.0</ArcGISFormat><SyncOnce>TRUE</SyncOnce><DataProperties><lineage><Process ToolSource="c:\program files (x86)\arcgis\desktop10.3\ArcToolbox\Toolboxes\Data Management Tools.tbx\CalculateField" Date="20160824" Time="160806">CalculateField pol_wsh_presI CLAVE "CH-1" VB #</Process><Process ToolSource="c:\program files (x86)\arcgis\desktop10.3\ArcToolbox\Toolboxes\Data Management Tools.tbx\CalculateField" Date="20160824" Time="160835">CalculateField pol_wsh_presI CLAVE "CH-2" VB #</Process><Process ToolSource="c:\program files (x86)\arcgis\desktop10.3\ArcToolbox\Toolboxes\Data Management Tools.tbx\CalculateField" Date="20160824" Time="160906">CalculateField pol_wsh_presI CLAVE "CH-3" VB #</Process><Process ToolSource="c:\program files (x86)\arcgis\desktop10.3\ArcToolbox\Toolboxes\Data Management Tools.tbx\CalculateField" Date="20160824" Time="160938">CalculateField pol_wsh_presI CLAVE "CH-4" VB #</Process><Process ToolSource="c:\program files (x86)\arcgis\desktop10.3\ArcToolbox\Toolboxes\Data Management Tools.tbx\CalculateField" Date="20160824" Time="161008">CalculateField pol_wsh_presI CLAVE "CH-5" VB #</Process><Process ToolSource="c:\program files (x86)\arcgis\desktop10.3\ArcToolbox\Toolboxes\Data Management Tools.tbx\CalculateField" Date="20160824" Time="161044">CalculateField pol_wsh_presI CLAVE "CH-6" VB #</Process><Process ToolSource="c:\program files (x86)\arcgis\desktop10.3\ArcToolbox\Toolboxes\Data Management Tools.tbx\CalculateField" Date="20160824" Time="161114">CalculateField pol_wsh_presI CLAVE "CH-7" VB #</Process><Process ToolSource="c:\program files (x86)\arcgis\desktop10.3\ArcToolbox\Toolboxes\Data Management Tools.tbx\CalculateField" Date="20160824" Time="161145">CalculateField pol_wsh_presI CLAVE "CH-8" VB #</Process><Process ToolSource="c:\program files (x86)\arcgis\desktop10.3\ArcToolbox\Toolboxes\Data Management Tools.tbx\CalculateField" Date="20160824" Time="161224">CalculateField pol_wsh_presI CLAVE "CH-9" VB #</Process><Process ToolSource="c:\program files (x86)\arcgis\desktop10.3\ArcToolbox\Toolboxes\Data Management Tools.tbx\CalculateField" Date="20160824" Time="161255">CalculateField pol_wsh_presI CLAVE "CH-10" VB #</Process><Process ToolSource="c:\program files (x86)\arcgis\desktop10.3\ArcToolbox\Toolboxes\Data Management Tools.tbx\CalculateField" Date="20160824" Time="161325">CalculateField pol_wsh_presI CLAVE "CH-12" VB #</Process><Process ToolSource="c:\program files (x86)\arcgis\desktop10.3\ArcToolbox\Toolboxes\Data Management Tools.tbx\CalculateField" Date="20160824" Time="161357">CalculateField pol_wsh_presI CLAVE "CH-13" VB #</Process><Process ToolSource="c:\program files (x86)\arcgis\desktop10.3\ArcToolbox\Toolboxes\Data Management Tools.tbx\CalculateField" Date="20160824" Time="161434">CalculateField pol_wsh_presI CLAVE "CH-14" VB #</Process><Process ToolSource="c:\program files (x86)\arcgis\desktop10.3\ArcToolbox\Toolboxes\Data Management Tools.tbx\CalculateField" Date="20160824" Time="161533">CalculateField pol_wsh_presI CLAVE "CH-15" VB #</Process><Process ToolSource="c:\program files (x86)\arcgis\desktop10.3\ArcToolbox\Toolboxes\Data Management Tools.tbx\CalculateField" Date="20160824" Time="161603">CalculateField pol_wsh_presI CLAVE "CH-16" VB #</Process><Process ToolSource="c:\program files (x86)\arcgis\desktop10.3\ArcToolbox\Toolboxes\Data Management Tools.tbx\CalculateField" Date="20160824" Time="161631">CalculateField pol_wsh_presI CLAVE "CH-17" VB #</Process><Process ToolSource="c:\program files (x86)\arcgis\desktop10.3\ArcToolbox\Toolboxes\Data Management Tools.tbx\CalculateField" Date="20160824" Time="161657">CalculateField pol_wsh_presI CLAVE "CH-18" VB #</Process><Process ToolSource="c:\program files (x86)\arcgis\desktop10.3\ArcToolbox\Toolboxes\Data Management Tools.tbx\CalculateField" Date="20160824" Time="161725">CalculateField pol_wsh_presI CLAVE "CH-19" VB #</Process><Process ToolSource="c:\program files (x86)\arcgis\desktop10.3\ArcToolbox\Toolboxes\Data Management Tools.tbx\CalculateField" Date="20160824" Time="161752">CalculateField pol_wsh_presI CLAVE "CH-20" VB #</Process><Process ToolSource="c:\program files (x86)\arcgis\desktop10.3\ArcToolbox\Toolboxes\Data Management Tools.tbx\CalculateField" Date="20160824" Time="161835">CalculateField pol_wsh_presI CLAVE "CH-11" VB #</Process><Process ToolSource="c:\program files (x86)\arcgis\desktop10.3\ArcToolbox\Toolboxes\Data Management Tools.tbx\CalculateField" Date="20160824" Time="161907">CalculateField pol_wsh_presI CLAVE "CH-12" VB #</Process><Process ToolSource="c:\program files (x86)\arcgis\desktop10.3\ArcToolbox\Toolboxes\Data Management Tools.tbx\CalculateField" Date="20160824" Time="161916">CalculateField pol_wsh_presI CLAVE "CH-13" VB #</Process><Process ToolSource="c:\program files (x86)\arcgis\desktop10.3\ArcToolbox\Toolboxes\Data Management Tools.tbx\CalculateField" Date="20160824" Time="161925">CalculateField pol_wsh_presI CLAVE "CH-14" VB #</Process><Process ToolSource="c:\program files (x86)\arcgis\desktop10.3\ArcToolbox\Toolboxes\Data Management Tools.tbx\CalculateField" Date="20160824" Time="161934">CalculateField pol_wsh_presI CLAVE "CH-15" VB #</Process><Process ToolSource="c:\program files (x86)\arcgis\desktop10.3\ArcToolbox\Toolboxes\Data Management Tools.tbx\CalculateField" Date="20160824" Time="161944">CalculateField pol_wsh_presI CLAVE "CH-16" VB #</Process><Process ToolSource="c:\program files (x86)\arcgis\desktop10.3\ArcToolbox\Toolboxes\Data Management Tools.tbx\CalculateField" Date="20160824" Time="161953">CalculateField pol_wsh_presI CLAVE "CH-17" VB #</Process><Process ToolSource="c:\program files (x86)\arcgis\desktop10.3\ArcToolbox\Toolboxes\Data Management Tools.tbx\CalculateField" Date="20160824" Time="162006">CalculateField pol_wsh_presI CLAVE "CH-18" VB #</Process><Process ToolSource="c:\program files (x86)\arcgis\desktop10.3\ArcToolbox\Toolboxes\Data Management Tools.tbx\CalculateField" Date="20160824" Time="162015">CalculateField pol_wsh_presI CLAVE "CH-19" VB #</Process><Process ToolSource="c:\program files (x86)\arcgis\desktop10.3\ArcToolbox\Toolboxes\Data Management Tools.tbx\CalculateField" Date="20160824" Time="180606">CalculateField pol_wsh_presI CIERRE "P. San Pedro Piedra Gorda" VB #</Process><Process ToolSource="c:\program files (x86)\arcgis\desktop10.3\ArcToolbox\Toolboxes\Data Management Tools.tbx\CalculateField" Date="20160824" Time="180723">CalculateField pol_wsh_presI RIO_PRIN "R. San Pedro" VB #</Process><Process ToolSource="c:\program files (x86)\arcgis\desktop10.3\ArcToolbox\Toolboxes\Data Management Tools.tbx\CalculateField" Date="20160824" Time="180801">CalculateField pol_wsh_presI CIERRE "P. Jocoqui" VB #</Process><Process ToolSource="c:\program files (x86)\arcgis\desktop10.3\ArcToolbox\Toolboxes\Data Management Tools.tbx\CalculateField" Date="20160824" Time="180827">CalculateField pol_wsh_presI RIO_PRIN "A. El Palmito" VB #</Process><Process ToolSource="c:\program files (x86)\arcgis\desktop10.3\ArcToolbox\Toolboxes\Data Management Tools.tbx\CalculateField" Date="20160824" Time="180920">CalculateField pol_wsh_presI CIERRE "P. Abelardo L. Rodríguez" VB #</Process><Process ToolSource="c:\program files (x86)\arcgis\desktop10.3\ArcToolbox\Toolboxes\Data Management Tools.tbx\CalculateField" Date="20160824" Time="181004">CalculateField pol_wsh_presI RIO_PRIN "A. La Gloria" VB #</Process><Process ToolSource="c:\program files (x86)\arcgis\desktop10.3\ArcToolbox\Toolboxes\Data Management Tools.tbx\CalculateField" Date="20160824" Time="181057">CalculateField pol_wsh_presI CIERRE "P. San Marcos" VB #</Process><Process ToolSource="c:\program files (x86)\arcgis\desktop10.3\ArcToolbox\Toolboxes\Data Management Tools.tbx\CalculateField" Date="20160824" Time="181131">CalculateField pol_wsh_presI CIERRE "P. El Niagara" VB #</Process><Process ToolSource="c:\program files (x86)\arcgis\desktop10.3\ArcToolbox\Toolboxes\Data Management Tools.tbx\CalculateField" Date="20160824" Time="181159">CalculateField pol_wsh_presI RIO_PRIN "R. San Pedro" VB #</Process><Process ToolSource="c:\program files (x86)\arcgis\desktop10.3\ArcToolbox\Toolboxes\Data Management Tools.tbx\CalculateField" Date="20160824" Time="181232">CalculateField pol_wsh_presI RIO_PRIN "R. San Antonio" VB #</Process><Process ToolSource="c:\program files (x86)\arcgis\desktop10.3\ArcToolbox\Toolboxes\Data Management Tools.tbx\CalculateField" Date="20160824" Time="181342">CalculateField pol_wsh_presI CIERRE "Est. Hidrom. Ajojucar" VB #</Process><Process ToolSource="c:\program files (x86)\arcgis\desktop10.3\ArcToolbox\Toolboxes\Data Management Tools.tbx\CalculateField" Date="20160824" Time="181407">CalculateField pol_wsh_presI RIO_PRIN "R. Verde" VB #</Process><Process ToolSource="c:\program files (x86)\arcgis\desktop10.3\ArcToolbox\Toolboxes\Data Management Tools.tbx\CalculateField" Date="20160824" Time="181450">CalculateField pol_wsh_presI CIERRE "P. San Pedro" VB #</Process><Process ToolSource="c:\program files (x86)\arcgis\desktop10.3\ArcToolbox\Toolboxes\Data Management Tools.tbx\CalculateField" Date="20160824" Time="181521">CalculateField pol_wsh_presI RIO_PRIN "R. Encarnación" VB #</Process><Process ToolSource="c:\program files (x86)\arcgis\desktop10.3\ArcToolbox\Toolboxes\Data Management Tools.tbx\CalculateField" Date="20160824" Time="181559">CalculateField pol_wsh_presI CIERRE "P. El Cuarenta" VB #</Process><Process ToolSource="c:\program files (x86)\arcgis\desktop10.3\ArcToolbox\Toolboxes\Data Management Tools.tbx\CalculateField" Date="20160824" Time="181626">CalculateField pol_wsh_presI RIO_PRIN "R. El Cuarenta" VB #</Process><Process ToolSource="c:\program files (x86)\arcgis\desktop10.3\ArcToolbox\Toolboxes\Data Management Tools.tbx\CalculateField" Date="20160824" Time="181711">CalculateField pol_wsh_presI CIERRE "Est. Hidrom. Lagos" VB #</Process><Process ToolSource="c:\program files (x86)\arcgis\desktop10.3\ArcToolbox\Toolboxes\Data Management Tools.tbx\CalculateField" Date="20160824" Time="181802">CalculateField pol_wsh_presI RIO_PRIN "A. Los Lagos" VB #</Process><Process ToolSource="c:\program files (x86)\arcgis\desktop10.3\ArcToolbox\Toolboxes\Data Management Tools.tbx\CalculateField" Date="20160824" Time="182446">CalculateField pol_wsh_presI CIERRE "Est. Hidrom. Paso del Sabino" VB #</Process><Process ToolSource="c:\program files (x86)\arcgis\desktop10.3\ArcToolbox\Toolboxes\Data Management Tools.tbx\CalculateField" Date="20160825" Time="084359">CalculateField pol_wsh_presI CIERRE "P. La Sauceda" VB #</Process><Process ToolSource="c:\program files (x86)\arcgis\desktop10.3\ArcToolbox\Toolboxes\Data Management Tools.tbx\CalculateField" Date="20160825" Time="084642">CalculateField pol_wsh_presI RIO_PRIN "A. La Sauceda" VB #</Process><Process ToolSource="c:\program files (x86)\arcgis\desktop10.3\ArcToolbox\Toolboxes\Data Management Tools.tbx\CalculateField" Date="20160825" Time="084721">CalculateField pol_wsh_presI RIO_PRIN "R. Verde" VB #</Process><Process ToolSource="c:\program files (x86)\arcgis\desktop10.3\ArcToolbox\Toolboxes\Data Management Tools.tbx\CalculateField" Date="20160825" Time="084808">CalculateField pol_wsh_presI CIERRE "Est. Hidrom. San Gaspar" VB #</Process><Process ToolSource="c:\program files (x86)\arcgis\desktop10.3\ArcToolbox\Toolboxes\Data Management Tools.tbx\CalculateField" Date="20160825" Time="084844">CalculateField pol_wsh_presI RIO_PRIN "R. San Juán de Los Lagos" VB #</Process><Process ToolSource="c:\program files (x86)\arcgis\desktop10.3\ArcToolbox\Toolboxes\Data Management Tools.tbx\CalculateField" Date="20160825" Time="091348">CalculateField pol_wsh_presI CIERRE "P. El Zapotillo" VB #</Process><Process ToolSource="c:\program files (x86)\arcgis\desktop10.3\ArcToolbox\Toolboxes\Data Management Tools.tbx\CalculateField" Date="20160825" Time="091644">CalculateField pol_wsh_presI RIO_PRIN "R. Verde" VB #</Process><Process ToolSource="c:\program files (x86)\arcgis\desktop10.3\ArcToolbox\Toolboxes\Data Management Tools.tbx\CalculateField" Date="20160825" Time="091907">CalculateField pol_wsh_presI CIERRE "Est. Hidrom. El Estribón" VB #</Process><Process ToolSource="c:\program files (x86)\arcgis\desktop10.3\ArcToolbox\Toolboxes\Data Management Tools.tbx\CalculateField" Date="20160825" Time="091946">CalculateField pol_wsh_presI RIO_PRIN "A. Yahualica" VB #</Process><Process ToolSource="c:\program files (x86)\arcgis\desktop10.3\ArcToolbox\Toolboxes\Data Management Tools.tbx\CalculateField" Date="20160825" Time="092116">CalculateField pol_wsh_presI CIERRE "Est. Hidrom. Valle de Guadalupe" VB #</Process><Process ToolSource="c:\program files (x86)\arcgis\desktop10.3\ArcToolbox\Toolboxes\Data Management Tools.tbx\CalculateField" Date="20160825" Time="092152">CalculateField pol_wsh_presI RIO_PRIN "A. El Valle" VB #</Process><Process ToolSource="c:\program files (x86)\arcgis\desktop10.3\ArcToolbox\Toolboxes\Data Management Tools.tbx\CalculateField" Date="20160825" Time="092224">CalculateField pol_wsh_presI CIERRE "P. El Salto" VB #</Process><Process ToolSource="c:\program files (x86)\arcgis\desktop10.3\ArcToolbox\Toolboxes\Data Management Tools.tbx\CalculateField" Date="20160825" Time="092245">CalculateField pol_wsh_presI RIO_PRIN "A. El Salto" VB #</Process><Process ToolSource="c:\program files (x86)\arcgis\desktop10.3\ArcToolbox\Toolboxes\Data Management Tools.tbx\CalculateField" Date="20160825" Time="092322">CalculateField pol_wsh_presI CIERRE "Est. Hidrom. La Cuña" VB #</Process><Process ToolSource="c:\program files (x86)\arcgis\desktop10.3\ArcToolbox\Toolboxes\Data Management Tools.tbx\CalculateField" Date="20160825" Time="092339">CalculateField pol_wsh_presI RIO_PRIN "R. Verde" VB #</Process><Process ToolSource="c:\program files (x86)\arcgis\desktop10.3\ArcToolbox\Toolboxes\Data Management Tools.tbx\CalculateField" Date="20160825" Time="092417">CalculateField pol_wsh_presI CIERRE "P. Lagunillas" VB #</Process><Process ToolSource="c:\program files (x86)\arcgis\desktop10.3\ArcToolbox\Toolboxes\Data Management Tools.tbx\CalculateField" Date="20160825" Time="092442">CalculateField pol_wsh_presI RIO_PRIN "A. Tepatitlan" VB #</Process><Process ToolSource="c:\program files (x86)\arcgis\desktop10.3\ArcToolbox\Toolboxes\Data Management Tools.tbx\CalculateField" Date="20160825" Time="092522">CalculateField pol_wsh_presI CIERRE "Est. Hidrom. Arcediano*" VB #</Process><Process ToolSource="c:\program files (x86)\arcgis\desktop10.3\ArcToolbox\Toolboxes\Data Management Tools.tbx\CalculateField" Date="20160825" Time="092551">CalculateField pol_wsh_presI RIO_PRIN "R. Santiago / R. Verde*" VB #</Process><Process ToolSource="c:\program files (x86)\arcgis\desktop10.3\ArcToolbox\Toolboxes\Data Management Tools.tbx\CalculateField" Date="20160825" Time="092756">CalculateField pol_wsh_presI TIPO_CIERR "Estación hidrométrica" VB #</Process><Process ToolSource="c:\program files (x86)\arcgis\desktop10.3\ArcToolbox\Toolboxes\Data Management Tools.tbx\CalculateField" Date="20160825" Time="092827">CalculateField pol_wsh_presI TIPO_CIERR "Estación hidrométrica" VB #</Process><Process ToolSource="c:\program files (x86)\arcgis\desktop10.3\ArcToolbox\Toolboxes\Data Management Tools.tbx\CalculateField" Date="20160825" Time="092946">CalculateField pol_wsh_presI TIPO_CIERR "Otras presas" VB #</Process><Process ToolSource="c:\program files (x86)\arcgis\desktop10.3\ArcToolbox\Toolboxes\Data Management Tools.tbx\CalculateField" Date="20160825" Time="093007">CalculateField pol_wsh_presI TIPO_CIERR "Presas BANDAS" VB #</Process><Process ToolSource="c:\program files (x86)\arcgis\desktop10.3\ArcToolbox\Toolboxes\Data Management Tools.tbx\CalculateField" Date="20160825" Time="093342">CalculateField pol_wsh_presI ESTADO "Zacatecas" VB #</Process><Process ToolSource="c:\program files (x86)\arcgis\desktop10.3\ArcToolbox\Toolboxes\Data Management Tools.tbx\CalculateField" Date="20160825" Time="093545">CalculateField pol_wsh_presI ESTADO "Jalisco / Aguascalientes" VB #</Process><Process ToolSource="c:\program files (x86)\arcgis\desktop10.3\ArcToolbox\Toolboxes\Data Management Tools.tbx\CalculateField" Date="20160825" Time="093655">CalculateField pol_wsh_presI ESTADO "Jalisco" VB #</Process><Process ToolSource="c:\program files (x86)\arcgis\desktop10.3\ArcToolbox\Toolboxes\Data Management Tools.tbx\CalculateField" Date="20160825" Time="093707">CalculateField pol_wsh_presI ESTADO "Jalisco" VB #</Process><Process ToolSource="c:\program files (x86)\arcgis\desktop10.3\ArcToolbox\Toolboxes\Data Management Tools.tbx\CalculateField" Date="20160825" Time="093721">CalculateField pol_wsh_presI ESTADO "Jalisco / Zacatecas" VB #</Process><Process ToolSource="c:\program files (x86)\arcgis\desktop10.3\ArcToolbox\Toolboxes\Data Management Tools.tbx\CalculateField" Date="20160825" Time="093731">CalculateField pol_wsh_presI ESTADO "Jalisco" VB #</Process><Process ToolSource="c:\program files (x86)\arcgis\desktop10.3\ArcToolbox\Toolboxes\Data Management Tools.tbx\CalculateField" Date="20160825" Time="093804">CalculateField pol_wsh_presI ESTADO "Jalisco" VB #</Process><Process ToolSource="c:\program files (x86)\arcgis\desktop10.3\ArcToolbox\Toolboxes\Data Management Tools.tbx\CalculateField" Date="20160825" Time="093817">CalculateField pol_wsh_presI ESTADO "Jalisco" VB #</Process><Process ToolSource="c:\program files (x86)\arcgis\desktop10.3\ArcToolbox\Toolboxes\Data Management Tools.tbx\CalculateField" Date="20160825" Time="093824">CalculateField pol_wsh_presI ESTADO "Jalisco" VB #</Process><Process ToolSource="c:\program files (x86)\arcgis\desktop10.3\ArcToolbox\Toolboxes\Data Management Tools.tbx\CalculateField" Date="20160825" Time="093830">CalculateField pol_wsh_presI ESTADO "Jalisco" VB #</Process><Process ToolSource="c:\program files (x86)\arcgis\desktop10.3\ArcToolbox\Toolboxes\Data Management Tools.tbx\CalculateField" Date="20160825" Time="093837">CalculateField pol_wsh_presI ESTADO "Jalisco" VB #</Process><Process ToolSource="c:\program files (x86)\arcgis\desktop10.3\ArcToolbox\Toolboxes\Data Management Tools.tbx\CalculateField" Date="20160825" Time="093902">CalculateField pol_wsh_presI ESTADO "Aguascalientes / Zacatecas" VB #</Process><Process ToolSource="c:\program files (x86)\arcgis\desktop10.3\ArcToolbox\Toolboxes\Data Management Tools.tbx\CalculateField" Date="20160825" Time="093921">CalculateField pol_wsh_presI ESTADO "Aguascalientes" VB #</Process><Process ToolSource="c:\program files (x86)\arcgis\desktop10.3\ArcToolbox\Toolboxes\Data Management Tools.tbx\CalculateField" Date="20160825" Time="093934">CalculateField pol_wsh_presI ESTADO "Zacatecas" VB #</Process><Process ToolSource="c:\program files (x86)\arcgis\desktop10.3\ArcToolbox\Toolboxes\Data Management Tools.tbx\CalculateField" Date="20160825" Time="093951">CalculateField pol_wsh_presI ESTADO "Aguascalientes / Zacatecas" VB #</Process><Process ToolSource="c:\program files (x86)\arcgis\desktop10.3\ArcToolbox\Toolboxes\Data Management Tools.tbx\CalculateField" Date="20160825" Time="094020">CalculateField pol_wsh_presI ESTADO "Jalisco / Aguascalientes" VB #</Process><Process ToolSource="c:\program files (x86)\arcgis\desktop10.3\ArcToolbox\Toolboxes\Data Management Tools.tbx\CalculateField" Date="20160825" Time="094035">CalculateField pol_wsh_presI ESTADO "Jalisco" VB #</Process><Process ToolSource="c:\program files (x86)\arcgis\desktop10.3\ArcToolbox\Toolboxes\Data Management Tools.tbx\CalculateField" Date="20160825" Time="094159">CalculateField pol_wsh_presI ESTADO "Jalisco / Guanajuato / San Luis Potosí" VB #</Process><Process ToolSource="c:\program files (x86)\arcgis\desktop10.3\ArcToolbox\Toolboxes\Data Management Tools.tbx\CalculateField" Date="20160825" Time="094220">CalculateField pol_wsh_presI ESTADO "Jalisco" VB #</Process><Process ToolSource="c:\program files (x86)\arcgis\desktop10.3\ArcToolbox\Toolboxes\Data Management Tools.tbx\CalculateField" Date="20161021" Time="174057">CalculateField catchments CLAVE "CH-10" VB #</Process><Process ToolSource="c:\program files (x86)\arcgis\desktop10.3\ArcToolbox\Toolboxes\Data Management Tools.tbx\CalculateField" Date="20161021" Time="174107">CalculateField catchments CLAVE "CH-11" VB #</Process><Process ToolSource="c:\program files (x86)\arcgis\desktop10.3\ArcToolbox\Toolboxes\Data Management Tools.tbx\CalculateField" Date="20161021" Time="174115">CalculateField catchments CLAVE "CH-12" VB #</Process><Process ToolSource="c:\program files (x86)\arcgis\desktop10.3\ArcToolbox\Toolboxes\Data Management Tools.tbx\CalculateField" Date="20161021" Time="174124">CalculateField catchments CLAVE "CH-13" VB #</Process><Process ToolSource="c:\program files (x86)\arcgis\desktop10.3\ArcToolbox\Toolboxes\Data Management Tools.tbx\CalculateField" Date="20161021" Time="174135">CalculateField catchments CLAVE "CH-14" VB #</Process><Process ToolSource="c:\program files (x86)\arcgis\desktop10.3\ArcToolbox\Toolboxes\Data Management Tools.tbx\CalculateField" Date="20161021" Time="174142">CalculateField catchments CLAVE "CH-15" VB #</Process><Process ToolSource="c:\program files (x86)\arcgis\desktop10.3\ArcToolbox\Toolboxes\Data Management Tools.tbx\CalculateField" Date="20161021" Time="174150">CalculateField catchments CLAVE "CH-16" VB #</Process><Process ToolSource="c:\program files (x86)\arcgis\desktop10.3\ArcToolbox\Toolboxes\Data Management Tools.tbx\CalculateField" Date="20161021" Time="174159">CalculateField catchments CLAVE "CH-17" VB #</Process><Process ToolSource="c:\program files (x86)\arcgis\desktop10.3\ArcToolbox\Toolboxes\Data Management Tools.tbx\CalculateField" Date="20161021" Time="174207">CalculateField catchments CLAVE "CH-18" VB #</Process><Process ToolSource="c:\program files (x86)\arcgis\desktop10.3\ArcToolbox\Toolboxes\Data Management Tools.tbx\CalculateField" Date="20161026" Time="120727">CalculateField pol_wsh_presI CLAVE "UH-01" VB #</Process><Process ToolSource="c:\program files (x86)\arcgis\desktop10.3\ArcToolbox\Toolboxes\Data Management Tools.tbx\CalculateField" Date="20161026" Time="120804">CalculateField pol_wsh_presI CLAVE "UH-10" VB #</Process></lineage><itemProps><itemLocation><linkage Sync="TRUE">file://\\DENNYR-PC\C$\DENNY\04 SIG\ArcHyd_WEAP\CUENCAS CORR\catchments</linkage><protocol Sync="TRUE">Local Area Network</protocol></itemLocation></itemProps><copyHistory><copy source="C:\DENNY\06 PROCESOS R\ESA\combined\COMPILADO 2003 - 2014\shapefiles\catchments" dest="\\DENNYR-PC\C$\DENNY\04 SIG\ArcHyd_WEAP\CUENCAS CORR\catchments" date="20161024" time="17582300"></copy></copyHistory></DataProperties></Esri></metadata>
