Date, Time, Scenario, Year, TimeStep, Allocation Order, Allocation Order Iteration, Type, Reduction Fraction, MinCoverage, ObjID, ObjName, Amount Reduced[CFS], Amount Reduced[m^3], Amount Reduced[AF]
05/06/2019, 13:27:10, Reference, 2028, January, 1, 11, CovCon, 0.01, 0, 595, "Demand Site: DU_13", 0, 0, 0
05/06/2019, 13:27:19, Reference, 2028, January, 1, 11, CovCon, 0.02, 0, 625, "Demand Site: DP_14", 0, 0, 0
05/06/2019, 13:27:37, Reference, 2028, January, 1, 11, CovCon, 0.01, 0, 224, "Catchment: UH_01", 0, 0, 0
05/06/2019, 13:41:27, Reference, 2033, March, 1, 8, CovCon, 0.01, 0, 326, "Demand Site: DP_02", 0, 0, 0
05/06/2019, 13:41:37, Reference, 2033, March, 1, 8, CovCon, 0.01, 0, 346, "Demand Site: DU_03", 0, 0, 0
05/06/2019, 13:42:01, Reference, 2033, March, 1, 8, CovCon, 0.01, 0, 287, "Demand Site: DP_01", 0, 0, 0
05/06/2019, 14:08:24, Reference, 2045, April, 12, 2, CovCon, 0.01, 0.5121, 461, "Demand Site: DU_07", 0, 0, 0
05/06/2019, 14:08:29, Reference, 2045, April, 21, 1, CovCon, 0.01, 0, 114, "Reservoir: R. Grande, V08", 0, 0, 0
05/06/2019, 14:30:56, Reference, 2055, November, 11, 3, CovCon, 0.01, 0, 463, "Demand Site: DP_07", 0, 0, 0
05/06/2019, 14:42:05, Reference, 2058, April, 1, 8, CovCon, 0.04, 0, 317, "Demand Site: DI_02", 0, 0, 0
05/06/2019, 14:42:51, Reference, 2058, April, 1, 8, CovCon, 0.02, 0, 493, "Demand Site: DP_08", 0, 0, 0
05/06/2019, 15:15:25, Reference, 2065, August, 17, 3, MinCov, 0.01, 0.432036, 656, "Demand Site: DU_16", 0.017823356521221, 1351.79185381406, 1.09591712375885
05/06/2019, 15:15:26, Reference, 2065, August, 19, 3, MinCov, 0.01, 0.445599, 769, "Demand Site: DU_18", 0.0486464930673113, 3689.53698293125, 2.99116076704223
05/06/2019, 15:19:19, Reference, 2067, May, 21, 7, MinCov, 0.01, 0.411543, 104, "Reservoir: A. El Palmito, V02", 0.932178502551955, 70700, 57.3175081882155
