04/17/2017, 17:02:12: Coverage constraint for "Catchment: UH_05" (64) causes a failure--removing constraint 609 (MinCoverage=0.0004, ObjID=228, Scenario = 2, Year = 2044, TS = 4, Priority = 4)
04/18/2017, 13:34:26: Coverage constraint for "Catchment: UH_05" (64) causes a failure--removing constraint 609 (MinCoverage=0.0004, ObjID=228, Scenario = 2, Year = 2044, TS = 4, Priority = 4)
04/18/2017, 17:01:55: Coverage constraint for "Catchment: UH_05" (59) causes a failure--removing constraint 612 (MinCoverage=0.0004, ObjID=228, Scenario = 2, Year = 2044, TS = 4, Priority = 4)
04/20/2017, 15:55:33: Coverage constraint for "Catchment: UH_05" (59) causes a failure--removing constraint 622 (MinCoverage=0.0004, ObjID=228, Scenario = 2, Year = 2044, TS = 4, Priority = 4)
04/20/2017, 16:30:24: Coverage constraint for "Catchment: UH_05" (59) causes a failure--removing constraint 622 (MinCoverage=0.0018, ObjID=228, Scenario = 2, Year = 2066, TS = 5, Priority = 4)
